cost_bps_roundtrip,black_litterman,equal_weight,hrp,mean_variance,risk_parity
0.0,0.8320666266267366,0.4664720907142498,0.4152242454405302,0.6635661098082153,0.5658213818687621
10.0,0.8290018067655067,0.4664720907142498,0.3972231358350418,0.6538814452914098,0.5650580524510327
25.0,0.8243990191026562,0.4664720907142498,0.3701880768761651,0.639312101341875,0.5639128366699554
50.0,0.8167131158313538,0.4664720907142498,0.32505791221141067,0.614922322807637,0.5620035557654203
100.0,0.8012881634140034,0.4664720907142498,0.23464605547155454,0.5657766584320368,0.5581828104379812
200.0,0.7702380515777333,0.4664720907142498,0.054128283212982374,0.46631987531034513,0.5505327513554308
